{"1": {"field1": [0.046533333, 0.066466667, 0.0902076, 0.1126426, 0.20223826], "field2": [0.046533333, 0.066466667, 0.0902076, 0.1126426, 0.20223826], "model1": [36.894588298419016, 36.42625752017158, 28.366840193496255, 20.756788783334585, 6.765971271048307], "model1_name": ["Combined Friction & Applied Field"], "model2": [21.352366177727557, 17.532402291023214, 18.737626310279715, 14.971694345407231, 6.1562983621321345], "model2_name": ["Motion Dependent Friction Only"]}, "2": {"field1": [0.046533333, 0.066466667, 0.0902076, 0.1126426, 0.20223826], "field2": [0.066466667, 0.0902076, 0.1126426, 0.20223826], "model1": [59.184907691326515, 30.161288794415928, 39.81894260888858, 33.54074824392836, 13.559824258186227], "model1_name": ["Combined Friction & Applied Field"], "model2": [11.60469263110762, 22.01797182462608, 9.1314652244563, 7.7451139888257465], "model2_name": ["Motion Dependent Friction Only"]}, "3": {"field1": [0.046533333, 0.066466667, 0.0902076, 0.1126426, 0.20223826], "field2": [0.046533333, 0.066466667, 0.0902076, 0.1126426, 0.20223826], "model1": [85.32074524555338, 47.22512508119313, 66.07254974740184, 23.87588452205614, 47.84582286343294], "model1_name": ["Combined Friction & Applied Field"], "model2": [10.202378841234701, 9.10069251449544, 15.190194582448884, 9.204704126619239, 23.72653902866741], "model2_name": ["Motion Dependent Friction Only"]}, "4": {"field1": [], "field2": [], "model1": [], "model1_name": [], "model2": []}}